indicator,sex,geo_area,2016,2017,2018,2019,2020,2021,2022,2023,2024,2025
Population estimée,Féminin,Cameroun,11706439,12008210,12302530,12609255,12903376,13207360,13524925,13852591,14172262,14474880
Population estimée,Féminin,Adamaoua,591088,607154,623136,639606,655552,672000,690100,709075,727354,744976
Population estimée,Féminin,Centre (Sans Yaoundé),742018,754629,766211,778692,790090,802400,815181,828614,840901,852500
Population estimée,Féminin,Est,523485,536177,548355,560966,573285,585536,598720,612687,626495,639307
Population estimée,Féminin,Extrême-Nord,2093354,2156170,2219628,2287721,2354338,2423643,2498423,2576697,2654990,2730991
Population estimée,Féminin,Littoral (Sans Douala),325856,328348,330422,332617,334306,336122,338158,340208,341786,342555
Population estimée,Féminin,Nord,1263182,1310639,1358662,1409588,1460037,1512885,1561507,1612084,1662294,1710063
Population estimée,Féminin,Nord-Ouest,1019995,1035494,1049292,1064002,1076342,1088310,1101845,1114910,1126920,1137003
Population estimée,Féminin,Sud,395644,402124,408024,414402,420418,426836,433896,441011,447933,454584
Population estimée,Féminin,Sud-Ouest,875160,894774,913689,932757,950782,969105,988287,1008175,1027251,1044896
Population estimée,Féminin,Ouest,937977,949370,959660,969767,978284,987521,997222,1007498,1016753,1024332
Population estimée,Féminin,Douala,1488593,1535146,1580352,1626901,1671901,1717988,1766877,1815826,1863599,1910179
Population estimée,Féminin,Yaoundé,1450087,1498185,1545099,1592236,1638041,1685014,1734709,1785806,1835986,1883494
Population estimée,Masculin,Cameroun,11935961,12245547,12560807,12883098,13229659,13558162,13894212,14236254,14586241,14967447
Population estimée,Masculin,Adamaoua,614593,632576,651192,670060,690382,709714,730445,751853,773374,796797
Population estimée,Masculin,Centre (Sans Yaoundé),746553,759596,772424,785789,800261,813967,827801,842044,856072,872212
Population estimée,Masculin,Est,521657,534204,546813,559601,573696,586492,600016,614110,628736,644464
Population estimée,Masculin,Extrême-Nord,2115079,2176359,2240418,2307948,2380537,2450660,2525122,2602113,2681902,2768123
Population estimée,Masculin,Littoral (Sans Douala),322209,324335,326367,328367,330746,332539,334408,336187,337861,339782
Population estimée,Masculin,Nord,1292823,1342202,1393586,1447284,1504731,1561441,1612409,1664807,1718700,1775852
Population estimée,Masculin,Nord-Ouest,1125739,1144815,1163341,1182300,1202161,1219009,1236998,1254148,1271568,1291170
Population estimée,Masculin,Sud,374776,380307,385660,391339,397772,403776,410239,416631,423327,431154
Population estimée,Masculin,Sud-Ouest,862876,883291,903978,924412,946411,966710,987482,1008653,1030139,1053592
Population estimée,Masculin,Ouest,1076305,1090896,1105505,1119530,1135083,1148909,1162911,1177228,1191761,1208512
Population estimée,Masculin,Douala,1459871,1505995,1552531,1599813,1650269,1698493,1748925,1799029,1850142,1906354
Population estimée,Masculin,Yaoundé,1423480,1470971,1518992,1566655,1617610,1666452,1717456,1769451,1822659,1879435
Population estimée,Total,Cameroun,23642400,24253757,24863337,25492353,26133035,26765522,27419137,28088845,28758503,29442327
Population estimée,Total,Adamaoua,1205681,1239730,1274328,1309666,1345934,1381714,1420545,1460928,1500728,1541773
Population estimée,Total,Centre (Sans Yaoundé),1488571,1514225,1538635,1564481,1590351,1616367,1642982,1670658,1696973,1724712
Population estimée,Total,Est,1045142,1070381,1095168,1120567,1146981,1172028,1198736,1226797,1255231,1283771
Population estimée,Total,Extrême-Nord,4208433,4332529,4460046,4595669,4734875,4874303,5023545,5178810,5336892,5499114
Population estimée,Total,Littoral (Sans Douala),648065,652683,656789,660984,665052,668661,672566,676395,679647,682337
Population estimée,Total,Nord,2556005,2652841,2752248,2856872,2964768,3074326,3173916,3276891,3380994,3485915
Population estimée,Total,Nord-Ouest,2145734,2180309,2212633,2246302,2278503,2307319,2338843,2369058,2398488,2428173
Population estimée,Total,Sud,770420,782431,793684,805741,818190,830612,844135,857642,871260,885738
Population estimée,Total,Sud-Ouest,1738036,1778065,1817667,1857169,1897193,1935815,1975769,2016828,2057390,2098488
Population estimée,Total,Ouest,2014282,2040266,2065165,2089297,2113367,2136430,2160133,2184726,2208514,2232844
Population estimée,Total,Douala,2948464,3041141,3132883,3226714,3322170,3416481,3515802,3614855,3713741,3816533
Population estimée,Total,Yaoundé,2873567,2969156,3064091,3158891,3255651,3351466,3452165,3555257,3658645,3762929
Enfants de 0-11 mois,Total,Cameroun,817510,840654,857962,874840,888916,904194,920610,936955,961049,974138
Enfants de 0-11 mois,Total,Adamaoua,45547,47222,48858,49589,50739,51982,53415,54990,55756,56988
Enfants de 0-11 mois,Total,Centre (Sans Yaoundé),49911,50931,50921,52185,52377,53503,53369,54420,54475,55796
Enfants de 0-11 mois,Total,Est,33876,35014,35391,35865,36971,37261,37454,38743,40293,40439
Enfants de 0-11 mois,Total,Extrême-Nord,188905,197251,204822,213270,218201,222736,230136,236943,244965,250115
Enfants de 0-11 mois,Total,Littoral (Sans Douala),19155,19241,19299,19389,19398,19389,19410,19406,19439,18930
Enfants de 0-11 mois,Total,Nord,109817,115102,119972,125141,128855,132557,137175,140908,145090,146085
Enfants de 0-11 mois,Total,Nord-Ouest,67590,68994,68634,69889,68962,67935,68815,67789,68931,69313
Enfants de 0-11 mois,Total,Sud,22674,22927,22685,23316,23730,24691,24848,24831,25779,26607
Enfants de 0-11 mois,Total,Sud-Ouest,51343,52369,53207,52800,53304,53898,53226,54065,55183,55540
Enfants de 0-11 mois,Total,Ouest,82653,83877,84849,84316,84982,86171,85679,87034,88665,89804
Enfants de 0-11 mois,Total,Douala,71600,72287,72941,73901,74916,76196,77701,76744,79000,81403
Enfants de 0-11 mois,Total,Yaoundé,74439,75439,76383,75179,76481,77875,79382,81082,83473,83118
Enfants de 0-59 mois,Total,Cameroun,3738441,3814004,3885338,3951283,4028776,4110877,4187861,4265114,4347751,4429057
Enfants de 0-59 mois,Total,Adamaoua,204336,210169,215785,220612,226491,232626,238690,244859,250880,256957
Enfants de 0-59 mois,Total,Centre (Sans Yaoundé),229155,232715,234916,238168,240594,244007,246438,249903,252048,255384
Enfants de 0-59 mois,Total,Est,158381,160476,162428,163881,167035,170343,172780,176232,180617,183973
Enfants de 0-59 mois,Total,Extrême-Nord,818880,849530,879775,913191,945117,976542,1007792,1038499,1068356,1098346
Enfants de 0-59 mois,Total,Littoral (Sans Douala),89319,89590,89640,90015,90327,90531,90736,90879,90917,90459
Enfants de 0-59 mois,Total,Nord,468164,486744,505338,530024,550954,571883,591930,611112,629269,645041
Enfants de 0-59 mois,Total,Nord-Ouest,329617,330558,330540,328531,329473,329672,329607,328892,328053,328421
Enfants de 0-59 mois,Total,Sud,105998,106688,106823,106492,107805,109985,111900,114040,116529,119225
Enfants de 0-59 mois,Total,Sud-Ouest,237310,240943,244069,243648,246334,248923,249908,251097,253606,255848
Enfants de 0-59 mois,Total,Ouest,377910,382829,386874,390261,393419,396958,398832,401224,405471,409992
Enfants de 0-59 mois,Total,Douala,361674,361048,361880,356822,358564,363222,368838,372907,378107,384786
Enfants de 0-59 mois,Total,Yaoundé,357697,362714,367270,369638,372663,376185,380410,385470,393898,400625
Enfants de 0-2 ans,Total,Cameroun,2331297,2366106,2413857,2468933,2516123,2561529,2606181,2652809,2708506,2686376
Enfants de 0-2 ans,Total,Adamaoua,128504,131237,135376,139206,142626,145811,149575,153709,157463,161041
Enfants de 0-2 ans,Total,Centre (Sans Yaoundé),142346,144415,145363,147601,149048,151524,152710,154759,155658,158036
Enfants de 0-2 ans,Total,Est,97904,98566,100097,102021,104019,105963,107484,109225,112319,115234
Enfants de 0-2 ans,Total,Extrême-Nord,521770,540573,560207,583530,603618,620717,637144,655274,676495,695618
Enfants de 0-2 ans,Total,Littoral (Sans Douala),54801,55045,55235,55468,55638,55714,55757,55788,55823,55346
Enfants de 0-2 ans,Total,Nord,297048,312776,325615,340209,353331,365184,376443,387877,399681,408067
Enfants de 0-2 ans,Total,Nord-Ouest,201790,198973,199558,201800,201801,201109,200167,199084,200184,200662
Enfants de 0-2 ans,Total,Sud,65719,64961,65150,65813,66693,68846,70314,71213,72441,
Enfants de 0-2 ans,Total,Sud-Ouest,148260,147436,149918,151310,152323,153186,153610,154414,155858,158125
Enfants de 0-2 ans,Total,Ouest,234489,237628,240583,242160,243345,244887,246241,248135,250669,254725
Enfants de 0-2 ans,Total,Douala,220503,213695,213250,215570,218275,221581,225451,227343,230243,234105
Enfants de 0-2 ans,Total,Yaoundé,218163,220801,223505,224245,225406,227007,231285,235988,241672,245417
Enfants de 0-14 ans,Féminin,Cameroun,4892028,4997268,5110074,5212378,5313763,5420959,5530645,5637027,5745954,5867428
Enfants de 0-14 ans,Féminin,Adamaoua,265770,272586,279488,286760,293536,301770,310496,319187,327442,336840
Enfants de 0-14 ans,Féminin,Centre (Sans Yaoundé),313111,318148,322722,325756,327119,331986,336639,341174,345470,350953
Enfants de 0-14 ans,Féminin,Est,221735,223914,226096,228390,229967,232490,235299,238479,242082,246094
Enfants de 0-14 ans,Féminin,Extrême-Nord,991261,1018543,1048181,1079828,1117981,1155536,1194968,1234818,1275881,1320756
Enfants de 0-14 ans,Féminin,Littoral (Sans Douala),118033,119161,120151,121373,122343,123235,124038,124679,125177,125560
Enfants de 0-14 ans,Féminin,Nord,581594,599763,621164,644724,669105,694498,718851,743297,768208,794273
Enfants de 0-14 ans,Féminin,Nord-Ouest,443610,450406,456900,462973,467431,468765,470469,471102,471921,473836
Enfants de 0-14 ans,Féminin,Sud,153798,155613,157075,154329,150534,152033,153819,155318,157161,159541
Enfants de 0-14 ans,Féminin,Sud-Ouest,313303,318780,325460,330869,336986,341712,346264,350554,354997,359856
Enfants de 0-14 ans,Féminin,Ouest,482571,491778,503198,514136,524065,530452,536760,542800,548601,555322
Enfants de 0-14 ans,Féminin,Douala,501832,512218,522305,529996,537109,541819,547370,551311,556010,562533
Enfants de 0-14 ans,Féminin,Yaoundé,505410,516358,527334,533244,537587,546663,555672,564308,573004,581864
Enfants de 0-15 ans,Total,Cameroun,10351573,10578489,10797474,11030655,11239753,11425888,11662412,11897256,12125251,12352869
Enfants de 0-15 ans,Total,Adamaoua,552174,563720,577346,590959,605313,617377,635898,654431,671564,688693
Enfants de 0-15 ans,Total,Centre (Sans Yaoundé),651813,664618,673318,682056,687041,689308,698921,709162,717691,727307
Enfants de 0-15 ans,Total,Est,470633,476147,480493,484485,489895,491305,497575,504522,511942,519053
Enfants de 0-15 ans,Total,Extrême-Nord,2143119,2195460,2258347,2327100,2395202,2471171,2555431,2641513,2727851,2814784
Enfants de 0-15 ans,Total,Littoral (Sans Douala),252514,255006,257139,258854,261004,262366,264210,265778,266891,267275
Enfants de 0-15 ans,Total,Nord,1228140,1265291,1305375,1351720,1400609,1449550,1501005,1553070,1604811,1654870
Enfants de 0-15 ans,Total,Nord-Ouest,925465,938733,950555,963916,974381,979368,984266,986807,989099,991287
Enfants de 0-15 ans,Total,Sud,322779,328789,332176,335403,330104,322247,325920,329368,332893,337185
Enfants de 0-15 ans,Total,Sud-Ouest,663088,674942,686121,697976,709043,719321,729234,739317,748491,757544
Enfants de 0-15 ans,Total,Ouest,1005297,1027012,1045161,1066038,1087026,1104630,1117308,1130850,1143231,1155135
Enfants de 0-15 ans,Total,Douala,1069542,1094861,1115582,1135801,1151480,1163772,1176232,1186430,1195779,1207865
Enfants de 0-15 ans,Total,Yaoundé,1067009,1093910,1115861,1136347,1148655,1155473,1176412,1196008,1215008,1231871
Enfants de 12-23 mois,Total,Cameroun,766851,776308,797907,814714,831280,845591,859363,875897,891906,914829
Enfants de 12-23 mois,Total,Adamaoua,42043,43036,44595,46161,46903,48121,49212,50677,52248,53027
Enfants de 12-23 mois,Total,Centre (Sans Yaoundé),47299,47325,48277,48297,49520,49690,50805,50697,51674,51754
Enfants de 12-23 mois,Total,Est,32081,32175,33248,33634,34144,35307,35470,35750,37030,38532
Enfants de 12-23 mois,Total,Extrême-Nord,172208,176682,184463,191696,199767,204525,208784,215893,222282,229946
Enfants de 12-23 mois,Total,Littoral (Sans Douala),18095,18165,18238,18303,18396,18399,18406,18431,18417,18457
Enfants de 12-23 mois,Total,Nord,98968,102163,107071,111692,116582,120031,123418,127792,131235,135225
Enfants de 12-23 mois,Total,Nord-Ouest,65676,65344,66665,66337,67589,66727,65737,66676,65754,66732
Enfants de 12-23 mois,Total,Sud,21190,21398,21633,21427,22096,22669,23368,23594,23662,24566
Enfants de 12-23 mois,Total,Sud-Ouest,47770,48487,49447,50282,49962,50546,51038,50494,51369,52402
Enfants de 12-23 mois,Total,Ouest,77426,78335,79471,80442,80003,80854,81775,81394,82721,84316
Enfants de 12-23 mois,Total,Douala,71742,70000,70649,71328,72323,73387,74631,76201,75404,77539
Enfants de 12-23 mois,Total,Yaoundé,72353,73198,74150,75115,73995,75335,76719,78298,80110,82333
Population 5-14 ans,Total,Cameroun,6097236,6231235,6375100,6504582,6611946,6740817,6882408,7018956,7149078,7286679
Population 5-14 ans,Total,Adamaoua,318108,324751,332046,340506,346698,356431,367347,378204,388026,398972
Population 5-14 ans,Total,Centre (Sans Yaoundé),392546,398171,403305,404843,403898,409896,416588,422119,428121,434152
Population 5-14 ans,Total,Est,286799,288984,290442,293279,292448,294054,297199,300148,302751,306394
Population 5-14 ans,Total,Extrême-Nord,1211938,1238723,1269072,1299485,1341565,1385526,1433989,1484247,1536408,1591860
Population 5-14 ans,Total,Littoral (Sans Douala),150385,152372,153914,155685,156894,158378,159738,160868,161686,162360
Population 5-14 ans,Total,Nord,696466,714298,737019,757851,783233,812470,841000,870807,901734,934746
Population 5-14 ans,Total,Nord-Ouest,550369,562364,574423,587918,594464,597019,600819,603312,605821,607808
Population 5-14 ans,Total,Sud,203337,206476,208838,203456,194002,194672,196257,197097,198098,199451
Population 5-14 ans,Total,Sud-Ouest,390840,397950,406933,417789,426061,432699,440727,448144,454169,460125
Population 5-14 ans,Total,Ouest,583067,596194,613566,630611,645149,653808,664167,673650,680206,686526
Population 5-14 ans,Total,Douala,656801,677905,695823,715184,725840,730141,735420,739176,742719,746637
Population 5-14 ans,Total,Yaoundé,656580,673047,689719,697975,701694,715723,729157,741184,749339,757648
Adolescents 10-14 ans,Total,Cameroun,2856291,2917814,2995936,3055075,3099501,3183107,3253027,3318933,3386564,3448096
Adolescents 10-14 ans,Total,Adamaoua,151356,152596,154647,157983,159246,163271,168551,173820,178835,183768
Adolescents 10-14 ans,Total,Centre (Sans Yaoundé),190576,192831,194830,193321,188594,194380,197641,200839,203760,207440
Adolescents 10-14 ans,Total,Est,141207,142270,142964,144706,143575,143168,144246,145089,146136,146493
Adolescents 10-14 ans,Total,Extrême-Nord,563318,570264,579772,589164,606106,624881,644231,665106,685559,710225
Adolescents 10-14 ans,Total,Littoral (Sans Douala),70040,70810,71284,72469,73201,75569,76701,77750,78250,78653
Adolescents 10-14 ans,Total,Nord,322437,326639,335264,346155,356085,372195,384323,397255,405774,419774
Adolescents 10-14 ans,Total,Nord-Ouest,251036,259498,268842,277190,282325,285502,288668,291231,295995,297161
Adolescents 10-14 ans,Total,Sud,105948,108196,110074,103382,94183,94823,95674,96199,97465,97298
Adolescents 10-14 ans,Total,Sud-Ouest,183281,186008,191126,195754,201133,206199,210555,214575,220741,223730
Adolescents 10-14 ans,Total,Ouest,255027,261895,273615,286803,297856,305622,311424,316892,320298,323436
Adolescents 10-14 ans,Total,Douala,306315,322393,338754,350145,359734,364174,369577,371832,380050,381657
Adolescents 10-14 ans,Total,Yaoundé,315750,324414,334764,338003,337463,353323,361436,368345,373701,378461
Adolescents 15-19 ans,Total,Cameroun,2550592,2584352,2629441,2699759,2740339,2797451,2855590,2931326,2983457,3021717
Adolescents 15-19 ans,Total,Adamaoua,146380,144896,145939,147207,148653,147196,148298,150205,152987,153694
Adolescents 15-19 ans,Total,Centre (Sans Yaoundé),153909,158403,162129,170107,177096,182192,184326,186360,184768,180042
Adolescents 15-19 ans,Total,Est,122610,126081,129861,132680,136588,137970,138917,139491,140700,139051
Adolescents 15-19 ans,Total,Extrême-Nord,540518,536308,543627,547317,541607,538207,544712,554075,562554,578464
Adolescents 15-19 ans,Total,Littoral (Sans Douala),64197,64462,64899,65367,64065,64646,65317,65751,66821,67456
Adolescents 15-19 ans,Total,Nord,306870,312665,317841,320624,321551,323249,325798,332988,342144,350473
Adolescents 15-19 ans,Total,Nord-Ouest,238632,234245,232604,231782,229022,236046,244041,252999,260547,265065
Adolescents 15-19 ans,Total,Sud,67893,70849,73657,85881,98322,102306,104373,106029,98879,89277
Adolescents 15-19 ans,Total,Sud-Ouest,178595,178146,179539,181140,179241,181974,184628,189668,193821,198785
Adolescents 15-19 ans,Total,Ouest,228661,227788,224643,222859,219986,229233,235434,246497,258513,268406
Adolescents 15-19 ans,Total,Douala,245684,259612,273208,292316,303964,323350,339696,356452,367720,377349
Adolescents 15-19 ans,Total,Yaoundé,256643,270897,281494,302479,320244,331082,340050,350811,354003,353655
Population 20-24 ans,Total,Cameroun,2139501,2211520,2228702,2360137,2397765,2496176,2528037,2573003,2640492,2679084
Population 20-24 ans,Total,Adamaoua,115205,122332,124762,134777,134569,142453,141032,142201,143459,144901
Population 20-24 ans,Total,Centre (Sans Yaoundé),139758,137131,136734,139043,142664,144608,148900,152572,160278,167046
Population 20-24 ans,Total,Est,93481,98427,101728,109505,113221,120112,123553,127401,130184,134036
Population 20-24 ans,Total,Extrême-Nord,386179,421752,428369,477402,477815,511839,507521,514857,518188,512374
Population 20-24 ans,Total,Littoral (Sans Douala),61157,59227,57202,57209,57664,57905,58057,58427,58771,57385
Population 20-24 ans,Total,Nord,219259,238463,249279,276504,286189,307727,311615,315129,316027,315201
Population 20-24 ans,Total,Nord-Ouest,229853,230654,222887,228949,223483,223385,218913,217325,216332,213442
Population 20-24 ans,Total,Sud,63550,61612,61545,62163,64218,65254,68137,70934,82899,95060
Population 20-24 ans,Total,Sud-Ouest,172314,176449,172613,178398,176075,178075,177775,179414,181095,179360
Population 20-24 ans,Total,Ouest,203686,203364,199338,203145,199810,199649,198256,194795,192462,189075
Population 20-24 ans,Total,Douala,224204,227671,231731,240789,255903,268170,282585,296916,316427,328632
Population 20-24 ans,Total,Yaoundé,230855,234438,242514,252253,266154,276999,291693,303032,324370,342572
Population 25-29 ans,Total,Cameroun,1932802,1926313,2018123,2012021,2055278,2088689,2157670,2174993,2301631,2337421
Population 25-29 ans,Total,Adamaoua,98251,97952,104778,104463,110607,111568,118550,121057,130850,130713
Population 25-29 ans,Total,Centre (Sans Yaoundé),125686,128690,131622,132535,130488,130390,127717,127327,129459,132897
Population 25-29 ans,Total,Est,79965,79953,84391,85897,88978,91266,96142,99495,107125,110812
Population 25-29 ans,Total,Extrême-Nord,297148,294748,328590,325478,352545,360084,394439,400974,448387,448591
Population 25-29 ans,Total,Littoral (Sans Douala),58956,58874,59416,57924,55884,54794,52802,50756,50647,50987
Population 25-29 ans,Total,Nord,188939,188124,201756,203226,214233,221595,238605,247608,272219,279812
Population 25-29 ans,Total,Nord-Ouest,202900,202918,215729,213314,214359,214606,215293,207737,213575,208117
Population 25-29 ans,Total,Sud,64232,64094,63429,62843,60486,60741,58868,58860,59459,61471
Population 25-29 ans,Total,Sud-Ouest,155109,153463,163356,163313,166941,171387,175554,172091,177847,175737
Population 25-29 ans,Total,Ouest,167054,171072,178017,176302,175950,174743,173887,169549,172696,168883
Population 25-29 ans,Total,Douala,246848,242434,243662,242885,241548,246385,250532,255463,265082,280729
Population 25-29 ans,Total,Yaoundé,247714,243991,243377,243841,243259,251130,255281,264076,274285,288672
Population 30-34 ans,Total,Cameroun,1663071,1760775,1798585,1865089,1841281,1882902,1876030,1966226,1959056,2000342
Population 30-34 ans,Total,Adamaoua,79008,86906,88865,93661,89724,94876,94629,101394,101115,107174
Population 30-34 ans,Total,Centre (Sans Yaoundé),95959,101145,106709,110824,115797,117332,120171,123038,123816,121729
Population 30-34 ans,Total,Est,69174,72994,74501,76688,76142,77822,77870,82320,83826,86903
Population 30-34 ans,Total,Extrême-Nord,207297,240073,246215,269037,251564,274977,272477,305385,302094,328244
Population 30-34 ans,Total,Littoral (Sans Douala),43817,46394,49212,51384,52991,53259,53089,53574,52015,49929
Population 30-34 ans,Total,Nord,157500,173650,178950,189101,181176,190624,188510,200439,200311,209391
Population 30-34 ans,Total,Nord-Ouest,143200,157852,165535,177504,181658,188746,188737,201424,198965,199969
Population 30-34 ans,Total,Sud,58844,60425,62259,62520,63189,61397,61283,60696,60127,57851
Population 30-34 ans,Total,Sud-Ouest,145908,150691,151163,154973,152522,153599,152210,162155,162273,166013
Population 30-34 ans,Total,Ouest,92832,103819,113890,125570,134681,141816,145302,151766,149602,148801
Population 30-34 ans,Total,Douala,281855,281086,278677,275492,269514,264469,260814,262899,262769,262160
Population 30-34 ans,Total,Yaoundé,287677,285740,282609,278335,272323,263985,260938,261136,262143,262178
Population 35-39 ans,Total,Cameroun,1337770,1387020,1444408,1489412,1541769,1616696,1710936,1748367,1811828,1788288
Population 35-39 ans,Total,Adamaoua,60866,62297,66066,68080,72634,76086,83768,85764,90430,86659
Population 35-39 ans,Total,Centre (Sans Yaoundé),64652,68859,72302,77101,81378,89178,94149,99571,103485,108263
Population 35-39 ans,Total,Est,53663,55750,58431,60873,63168,67125,70877,72432,74577,74091
Population 35-39 ans,Total,Extrême-Nord,173939,167895,174488,173900,184150,189884,221418,227357,249212,232202
Population 35-39 ans,Total,Littoral (Sans Douala),31996,32996,33747,35126,36390,39236,41673,44384,46417,47920
Population 35-39 ans,Total,Nord,133636,135432,141148,144899,151088,158292,172832,176958,185512,176602
Population 35-39 ans,Total,Nord-Ouest,103937,107777,111669,115222,122101,131614,145831,153349,164924,168924
Population 35-39 ans,Total,Sud,43518,46099,47641,50379,52166,56172,57719,59558,59815,60488
Population 35-39 ans,Total,Sud-Ouest,121447,127183,131136,134131,137130,143653,148428,149121,152912,150697
Population 35-39 ans,Total,Ouest,56324,56730,58917,60957,66120,73335,83643,93134,104106,112609
Population 35-39 ans,Total,Douala,251255,265437,275969,285082,287199,293710,293515,291940,289337,284076
Population 35-39 ans,Total,Yaoundé,242537,260565,272894,283662,288245,298411,297083,294799,291101,285757
Population 40-44 ans,Total,Cameroun,1088837,1157913,1199743,1258583,1266823,1295013,1342434,1398693,1441524,1492441
Population 40-44 ans,Total,Adamaoua,48370,52783,54921,57466,56783,58314,59712,63421,65371,69861
Population 40-44 ans,Total,Centre (Sans Yaoundé),56849,56983,57562,58422,59464,59277,63298,66631,71212,75322
Population 40-44 ans,Total,Est,46038,48489,49526,51053,51591,51821,53864,56531,58909,61200
Population 40-44 ans,Total,Extrême-Nord,142222,158082,161570,168479,156850,158960,152973,159301,158502,168453
Population 40-44 ans,Total,Littoral (Sans Douala),30557,30348,29816,29701,28889,28275,29189,29884,31157,32334
Population 40-44 ans,Total,Nord,108145,118720,124602,131116,129852,133469,134324,139011,141599,146629
Population 40-44 ans,Total,Nord-Ouest,83899,87899,89648,93453,93133,94389,98024,101797,105132,111818
Population 40-44 ans,Total,Sud,36292,36991,38477,39447,41212,41321,43812,45337,47977,49719
Population 40-44 ans,Total,Sud-Ouest,100013,106431,110720,116853,117412,118886,124529,128562,131543,134643
Population 40-44 ans,Total,Ouest,54318,52827,48921,47618,42767,40932,41017,42862,44501,49225
Population 40-44 ans,Total,Douala,199376,212319,223800,238821,248994,259447,273706,284635,293931,296511
Population 40-44 ans,Total,Yaoundé,182758,196041,210180,226154,239876,249922,267986,280721,291690,296726
Population 45-49 ans,Total,Cameroun,806294,831810,879415,897113,993584,1047330,1113130,1153685,1209248,1218047
Population 45-49 ans,Total,Adamaoua,35652,35974,37857,38268,44164,46031,50252,52337,54747,54191
Population 45-49 ans,Total,Centre (Sans Yaoundé),47337,48781,49417,49663,50498,51971,52051,52595,53353,54338
Population 45-49 ans,Total,Est,34911,36118,38289,39195,41953,44161,46520,47557,49007,49588
Population 45-49 ans,Total,Extrême-Nord,101432,97177,102702,99545,126732,129150,144146,147421,153747,142821
Population 45-49 ans,Total,Littoral (Sans Douala),25035,25497,25871,25966,26586,27193,26941,26401,26231,25421
Population 45-49 ans,Total,Nord,76709,78554,84166,86024,102615,107379,116754,121703,127051,125186
Population 45-49 ans,Total,Nord-Ouest,63516,64879,67520,66902,72356,75631,79388,81025,84555,84250
Population 45-49 ans,Total,Sud,27829,29458,30257,31210,32350,34237,34907,36354,37267,38977
Population 45-49 ans,Total,Sud-Ouest,69643,73655,78441,80902,89794,97231,103425,107661,113549,114283
Population 45-49 ans,Total,Ouest,50743,48725,48376,45008,43448,41116,39422,35429,33877,28996
Population 45-49 ans,Total,Douala,145882,155740,167782,176356,191008,205156,218035,229684,244544,254884
Population 45-49 ans,Total,Yaoundé,127605,137252,148737,158074,172080,188074,201289,215518,231320,245112
Population 50 ans et plus,Total,Cameroun,2287852,2348819,2404478,2454381,2655475,2689570,2765044,2858480,2914438,3189251
Population 50 ans et plus,Total,Adamaoua,99506,101671,103310,104628,115610,116131,118269,121486,122865,138651
Population 50 ans et plus,Total,Centre (Sans Yaoundé),182720,183347,183939,183776,188474,187516,189344,190542,190433,195539
Population 50 ans et plus,Total,Est,100121,103109,105570,107516,115856,117353,121014,125191,127534,137722
Population 50 ans et plus,Total,Extrême-Nord,328881,328242,325638,321834,356931,349133,344079,346695,339443,397759
Population 50 ans et plus,Total,Littoral (Sans Douala),92645,92924,93072,92607,95362,94444,95024,95472,94984,98086
Population 50 ans et plus,Total,Nord,200315,206191,212149,217504,243878,247639,252547,261135,265129,302835
Population 50 ans et plus,Total,Nord-Ouest,199810,201165,202078,202728,218455,216212,218190,221197,220585,240360
Population 50 ans et plus,Total,Sud,98926,99738,100758,101351,104439,104526,106880,108736,110211,114219
Population 50 ans et plus,Total,Sud-Ouest,166858,173155,179697,186023,205684,209389,218586,228915,236575,262996
Population 50 ans et plus,Total,Ouest,199685,196918,192622,186967,192036,184842,180174,175819,167078,170332
Population 50 ans et plus,Total,Douala,334885,357888,380349,402968,439637,462432,492661,524783,553105,600769
Population 50 ans et plus,Total,Yaoundé,283500,304471,325296,346479,379113,399953,428276,458509,486496,529983
Population 1 an et plus,Total,Cameroun,22824890,23413104,24005369,24617511,25244119,25861324,26498525,27151890,27797449,28468187
Population 1 an et plus,Total,Adamaoua,1160134,1192508,1225470,1260077,1295195,1329731,1367130,1405938,1444973,1484784
Population 1 an et plus,Total,Centre (Sans Yaoundé),1438661,1463294,1487713,1512296,1537974,1562864,1589612,1616238,1642498,1668916
Population 1 an et plus,Total,Est,1011266,1035367,1059776,1084701,1110010,1134766,1161282,1188055,1214938,1243332
Population 1 an et plus,Total,Extrême-Nord,4019528,4135278,4255223,4382399,4516673,4651567,4793409,4941867,5091927,5248999
Population 1 an et plus,Total,Littoral (Sans Douala),628910,633443,637490,641595,645654,649272,653157,656989,660207,663406
Population 1 an et plus,Total,Nord,2446188,2537739,2632276,2731730,2835914,2941769,3036740,3135983,3235904,3339830
Population 1 an et plus,Total,Nord-Ouest,2078143,2111316,2143998,2176414,2209541,2239383,2270027,2301269,2329556,2358860
Population 1 an et plus,Total,Sud,747746,759504,770998,782425,794460,805921,819287,832811,845481,859132
Population 1 an et plus,Total,Sud-Ouest,1686693,1725696,1764460,1804369,1843890,1881917,1922543,1962762,2002206,2042948
Population 1 an et plus,Total,Ouest,1931629,1956388,1980316,2004981,2028384,2050259,2074454,2097692,2119848,2143039
Population 1 an et plus,Total,Douala,2876864,2968854,3059942,3152812,3247254,3340284,3438101,3538111,3634740,3735130
Population 1 an et plus,Total,Yaoundé,2799128,2893717,2987707,3083712,3179170,3273591,3372783,3474175,3575171,3679811
Population estimée (15-49 ans),Féminin,Cameroun,5858337,6027271,6197922,6388552,6521425,6723024,6908721,7093511,7302626,7400713
Population estimée (15-49 ans),Féminin,Adamaoua,299168,308851,319394,330041,336941,347526,358313,369071,381251,385276
Population estimée (15-49 ans),Féminin,Centre (Sans Yaoundé),333204,340809,348647,358914,369672,379119,387341,396518,406330,414406
Population estimée (15-49 ans),Féminin,Est,249147,257810,266847,276257,284374,293895,302820,311632,321460,327512
Population estimée (15-49 ans),Féminin,Extrême-Nord,951844,984528,1019077,1055448,1066438,1101851,1138788,1173003,1214694,1216822
Population estimée (15-49 ans),Féminin,Littoral (Sans Douala),153940,154794,155771,156741,156776,158076,158781,159729,161170,161152
Population estimée (15-49 ans),Féminin,Nord,615618,643262,669708,696578,713304,742289,766374,789619,816275,822830
Population estimée (15-49 ans),Féminin,Nord-Ouest,564817,575236,585765,597191,602587,618464,632534,646144,661779,666085
Population estimée (15-49 ans),Féminin,Sud,169746,173339,177004,185436,194680,199541,203544,207908,212409,216408
Population estimée (15-49 ans),Féminin,Sud-Ouest,467978,479480,490147,501839,508274,521986,533518,545187,558195,562998
Population estimée (15-49 ans),Féminin,Ouest,466192,471710,475856,480680,481370,491297,499731,508697,520561,526090
Population estimée (15-49 ans),Féminin,Douala,800928,825252,850583,879026,905381,937731,967671,998059,1030008,1055801
Population estimée (15-49 ans),Féminin,Yaoundé,785755,812200,839123,870401,901628,931249,959306,987944,1018494,1045333
Population estimée (15-49 ans),Total,Cameroun,13806720,14208521,14602895,15036490,15492314,15913828,16348869,16804778,17261677,17726589
Population estimée (15-49 ans),Total,Adamaoua,683237,704810,726497,748549,772744,792656,814509,837866,861823,885843
Population estimée (15-49 ans),Total,Centre (Sans Yaoundé),866870,883339,900414,921470,945859,962463,979956,998636,1016805,1035176
Population estimée (15-49 ans),Total,Est,599962,620922,642298,663407,687499,707630,728758,750418,771863,793404
Population estimée (15-49 ans),Total,Extrême-Nord,2177615,2244277,2311198,2382993,2448193,2512236,2581764,2656064,2732128,2808908
Population estimée (15-49 ans),Total,Littoral (Sans Douala),408361,410722,413235,415283,417831,419752,422092,424648,427044,429518
Population estimée (15-49 ans),Total,Nord,1391374,1451799,1509891,1568997,1630581,1689974,1740985,1794972,1849992,1906128
Population estimée (15-49 ans),Total,Nord-Ouest,1265748,1287388,1307669,1329854,1354566,1380628,1408416,1436854,1464615,1491944
Population estimée (15-49 ans),Total,Sud,461085,469267,478023,495793,516383,525955,535978,546505,556634,567062
Population estimée (15-49 ans),Total,Sud-Ouest,1109886,1139172,1166664,1195733,1224798,1254194,1285134,1317587,1349614,1382514
Population estimée (15-49 ans),Total,Ouest,1053304,1061243,1064725,1068425,1074799,1085665,1097134,1109852,1122836,1136326
Population estimée (15-49 ans),Total,Douala,1929989,2002187,2075180,2154708,2237766,2323118,2411545,2502773,2592915,2685110
Population estimée (15-49 ans),Total,Yaoundé,1859289,1933395,2007101,2091278,2181295,2259557,2342598,2428603,2515408,2604656
